{
  "hash": "afe1494c",
  "configHash": "ef6bb4c8",
  "lockfileHash": "ba30f2d8",
  "browserHash": "99fde43c",
  "optimized": {
    "@angular/common": {
      "src": "../../../../../../node_modules/@angular/common/fesm2022/common.mjs",
      "file": "@angular_common.js",
      "fileHash": "8004460d",
      "needsInterop": false
    },
    "@angular/core": {
      "src": "../../../../../../node_modules/@angular/core/fesm2022/core.mjs",
      "file": "@angular_core.js",
      "fileHash": "cb983946",
      "needsInterop": false
    },
    "@angular/platform-browser": {
      "src": "../../../../../../node_modules/@angular/platform-browser/fesm2022/platform-browser.mjs",
      "file": "@angular_platform-browser.js",
      "fileHash": "2027499b",
      "needsInterop": false
    },
    "@angular/router": {
      "src": "../../../../../../node_modules/@angular/router/fesm2022/router.mjs",
      "file": "@angular_router.js",
      "fileHash": "5cc01262",
      "needsInterop": false
    },
    "zone.js": {
      "src": "../../../../../../node_modules/zone.js/fesm2015/zone.js",
      "file": "zone__js.js",
      "fileHash": "dae9978c",
      "needsInterop": true
    }
  },
  "chunks": {
    "chunk-Z4ICK7JW": {
      "file": "chunk-Z4ICK7JW.js"
    },
    "chunk-GX3AXM7P": {
      "file": "chunk-GX3AXM7P.js"
    },
    "chunk-BRLGDEGL": {
      "file": "chunk-BRLGDEGL.js"
    },
    "chunk-WDMUDEB6": {
      "file": "chunk-WDMUDEB6.js"
    }
  }
}